{"cameraMode":{"drawMode":0,"name":"Shaded","section":"Shading Mode"},"sceneLighting":false,"audioPlay":false,"sceneViewState":{"showFog":true,"showMaterialUpdate":false,"showSkybox":true,"showFlares":true,"showImageEffects":true,"showParticleSystems":true},"in2DMode":false,"pivot":{"x":4.6137471199035648,"y":3.0271501541137697,"z":-1.1339167356491089},"rotation":{"x":-0.1316351741552353,"y":0.7923646569252014,"z":-0.1841144859790802,"w":-0.5665128827095032},"size":2.8578836917877199,"orthographic":false}