{"cameraMode":{"drawMode":0,"name":"Shaded","section":"Shading Mode"},"sceneLighting":false,"audioPlay":false,"sceneViewState":{"showFog":true,"showMaterialUpdate":false,"showSkybox":true,"showFlares":true,"showImageEffects":true,"showParticleSystems":true},"in2DMode":false,"pivot":{"x":606.00439453125,"y":178.45545959472657,"z":-263.3465576171875},"rotation":{"x":-0.039297666400671008,"y":-0.00989521760493517,"z":0.000389049673685804,"w":-0.9991801381111145},"size":517.6544189453125,"orthographic":false}